title,bait,question,incl_caps,number_start,you,word_count,make_me,modifier,curse
"AT&T-Time Warner deal near, sources say",0,0,0,0,0,6,0,0,0
"ISIS kills hundreds of men, kids",0,0,1,0,0,6,0,0,0
Pirate radio risks death to fight ISIS,0,0,1,0,0,7,0,0,0
Emmett Till memorial shot up,0,0,0,0,0,5,0,0,0
Bill Murray crashes White House briefing,0,0,0,0,0,6,0,0,0
Your webcam may have contributed to big Internet outage,0,0,0,0,1,9,0,0,0
Report: Scrap $40B carrier program,0,0,1,0,0,5,0,0,0
"Comedian, actor found dead",0,0,0,0,0,4,0,0,0
Helicopter crash kills 19 in Siberia,0,0,0,0,0,6,0,0,0
Deaths in Cameroon train crash reach 70,0,0,0,0,0,7,0,0,0
Pirates' hostages freed in Somalia,0,0,0,0,0,5,0,0,0
Semi-naked Briton dead at Malaga airport,0,0,0,0,0,6,0,0,0
First woman to climb Everest dies at 77,0,0,0,0,0,8,0,0,0
Hairless hamster gets new sweater,0,0,0,0,0,5,0,0,0
Trump's foe in Utah isn't Clinton,0,0,0,0,0,6,0,0,0
Emails: Clinton campaign stressed about Gore before endorsement,0,0,0,0,0,8,0,0,0
Bush letter to Clinton shows grace in politics,0,0,0,0,0,8,0,0,0
GOP group runs first ad calling for check and balance on White House,0,0,1,0,0,13,0,0,0
SE Cupp reads Donald Trump's mean tweets -- but won't back down,0,0,1,0,0,12,0,0,0
Bush v. Gore lawyer: Trump is clueless,0,0,0,0,0,7,0,0,0
You won't have Trump to kick around anymore?,0,1,0,0,1,8,0,0,0
Trump and Clinton missed their last chance,0,0,0,0,0,7,0,0,0
Walls to keep out immigrants help terrorists,0,0,0,0,0,7,0,0,0
Debate moderators failed millennials,0,0,0,0,0,4,0,0,0
The job Donald Trump really wants,0,0,0,0,0,6,0,1,0
Trump rips into possible AT&T-Time Warner deal,0,0,0,0,0,7,0,0,0
American hacker sends Russia a warning,0,0,0,0,0,6,0,0,0
Cyberattack turned devices into weapons,0,0,0,0,0,5,0,0,0
How a leather bag startup hit $1M in sales in 14 months,0,0,1,0,0,12,0,0,0
Widespread cyberattack takes down sites,0,0,0,0,0,5,0,0,0
Why is Kodak making a smartphone?,0,1,0,0,0,6,0,0,0
Beware the slow version of the new iPhone 7,0,0,0,0,0,9,0,0,0
Your luggage could follow you around the airport,0,0,0,0,1,8,0,0,0
The Clinton Foundation's pay gap worried campaign,0,0,0,0,0,7,0,0,0
LinkedIn hacking suspect identified by feds,0,0,0,0,0,6,0,0,0
Cloth slow cooker empowers rural women,0,0,0,0,0,6,0,0,0
Hot new toy Hatchimals is a real-life Tamagotchi,0,0,0,0,0,8,0,0,0
Startup uses journalism to make kids better readers,0,0,0,0,0,8,0,0,0
Build your own bike -- out of bamboo,0,0,1,0,1,8,0,0,0
Iconic '80s toy bear Teddy Ruxpin is back,0,0,0,0,0,8,0,0,0
Pizza with purpose: MOD gives ex-cons a second chance,0,0,1,0,0,9,0,0,0
Where are all the startups?,0,1,0,0,0,5,0,0,0
Home Depot pulls Scary Peeper Creeper from stores,0,0,0,0,0,8,0,0,0
"3,300 migrants rescued off Libyan coast",0,0,0,1,0,7,0,0,0
Australian swimmer thanks fan who raised alarm over mole,0,0,0,0,0,9,0,0,0
50 killed in Cameroon train crash,0,0,0,1,0,6,0,0,0
Venezuela halts effort to recall president,0,0,0,0,0,6,0,0,0
Duterte: We're not really severing ties with US,0,0,1,0,0,8,0,1,0
Mexican police chief arrested in connection with missing students,0,0,0,0,0,9,0,0,0
London City Airport declared safe after evacuation,0,0,0,0,0,7,0,0,0
US destroyer sails in South China Sea to make a point,0,0,1,0,0,11,0,0,0
Calais Jungle camp demolition to begin,0,0,0,0,0,6,0,0,0
US service member killed in action in Northern Iraq,0,0,1,0,0,9,0,0,0
2 states say 'nyet' to Russia's offer to monitor elections,0,0,0,1,0,10,0,0,0
Suspected leader of Dhaka cafe attack died in police raid,0,0,0,0,0,10,0,0,0
'El Chapo' extradition clears legal hurdle,0,0,0,0,0,6,0,0,0
CNN set to announce top 10 Heroes for 2016,0,0,1,0,0,9,0,0,0
NASA successfully launches Antares rocket,0,0,1,0,0,5,0,0,0
Corruption probe: Former legislator arrested,0,0,0,0,0,5,0,0,0
Venezuela slams ad comparing Trump to Chavez,0,0,0,0,0,7,0,0,0
"Colombia army kills one rebel, captures four",0,0,0,0,0,7,0,0,0
"US lifts import limits on Cuban cigars, alcohol",0,0,1,0,0,8,0,0,0
Latin America's 1st elephant sanctuary,0,0,0,0,0,5,0,0,0
What Venezuela's bad economy means for dogs,0,0,0,0,0,7,0,0,0
Haitian-Americans hurricane relief efforts,0,0,0,0,0,4,0,0,0
HK shuts down as it waits typhoon,0,0,1,0,0,7,0,0,0
Philippines hit by second storm in a week,0,0,0,0,0,8,0,0,0
US military: Failed North Korea missile,0,0,1,0,0,6,0,0,0
"No Serena Williams, so who'll win WTA Finals?",0,1,1,0,0,8,0,0,0
Lese majeste: Thailand's most controversial law,0,0,0,0,0,6,0,0,0
No insulting monarchy in Thailand,0,0,0,0,0,5,0,0,0
'Why I still support Duterte',0,0,0,0,0,5,0,0,0
China spacecraft docks successfully,0,0,0,0,0,4,0,0,0
Manila: Police van plowed into crowd,0,0,0,0,0,6,0,0,0
Indian PM: Time to defy state sponsors of terror,0,0,1,0,0,9,0,0,0
Mosul: Google reveals what you want to know,0,0,0,0,1,8,0,1,0
Iraqi city of Kirkuk attacked by ISIS,0,0,1,0,0,7,0,0,0
Explaining the 'Kurdish question',0,0,0,0,0,4,0,0,0
"Who still lives in this decimated city, and why?",0,1,0,0,0,9,0,0,0
Assad's wife: I gave up chance to 'run from Syria',0,0,0,0,0,10,0,0,1
Refugee children arrive in UK from France,0,0,1,0,0,7,0,0,0
Inside the battle for Mosul,0,0,0,0,0,5,0,0,0
American family sentenced to prison in Iran,0,0,0,0,0,7,0,0,0
Emmett Till sign riddled with bullet holes,0,0,0,0,0,7,0,0,0
Emu lassoed on Arizona highway,0,0,0,0,0,5,0,0,1
Actor-comedian Kevin Meaney found dead,0,0,0,0,0,5,0,0,0
Meet the baby who was born twice,0,0,0,0,0,7,0,0,0
NYPD investigates white powder at Clinton campaign HQ,0,0,1,0,0,8,0,0,0
Police clear police in fatal shooting of Jamar Clark,0,0,0,0,0,9,0,0,0
One game? NFL ban draws renewed rage,0,1,1,0,0,7,0,0,0
Colorado marijuana is 5 times as potent as national average,0,0,0,0,0,10,0,0,0
"New screen time rules for kids, by doctors",0,0,0,0,0,8,0,0,0
Surgeons use nose cells to repair damaged knee joints,0,0,0,0,0,9,0,0,0
Feds: NSA contractor's secrets theft 'breathtaking',0,0,1,0,0,6,0,0,0
Zika testing urged for pregnant women in Miami-Dade County,0,0,0,0,0,9,0,1,0
Postal worker caught on video dumping mail in woods,0,0,0,0,0,9,0,0,0
How doctors diagnose heart failure,0,0,0,0,0,5,0,0,0
Minneapolis police clear officers in 2015 fatal shooting,0,0,0,0,0,8,0,0,0
Fugitive police chief in Mexico arrested missing students case,0,0,0,0,0,9,0,0,0
He was convicted of raping his daughter. A judge gave him 60 days,0,0,0,0,0,13,0,0,0
'Crimes of historic proportions' in Aleppo,0,0,0,0,0,6,0,0,0
Who's the cold-case suspect in town?,0,1,0,0,0,6,0,0,0
'El Chapo' 1 step closer to extradition,0,0,0,0,0,7,0,0,0
Postal worker caught dumping mail,0,0,0,0,0,5,0,0,0
The pot in Colorado is getting stronger,0,0,0,0,0,7,0,0,0
Thousands of gays to be pardoned,0,0,0,0,0,6,0,0,0
Attorney: Teen loses leg after teacher's 'body slam',0,0,0,0,0,8,0,0,0
Arrests in killing of Olympian's child,0,0,0,0,0,6,0,0,0
'El Chapo' extradition to US clears another legal hurdle,0,0,1,0,0,9,0,0,0
Judge defends sentencing man who raped child to 2 months in jail,0,0,0,0,0,12,0,0,0
"Derrick Rose, 2 others cleared in civil rape case",0,0,0,0,0,9,0,0,0
"Someone in a Minnesota town is an alleged killer, but who?",0,1,0,0,0,11,0,0,0
Trump's Gettysburg address outlines first 100 days,0,0,0,0,0,7,0,0,0
What the average American owes after college,0,0,0,0,0,7,0,0,0
Nobel member calls Dylan's silence 'arrogant',0,0,0,0,0,6,0,0,0
9th planet may solve solar system 'mystery',0,0,0,1,0,7,0,0,0
Emmett Till marker riddled with bullets,0,0,0,0,0,6,0,0,0
The best tech to watch your home from afar,0,0,0,0,1,9,0,0,0
Will millennials pay for network TV on YouTube?,0,1,1,0,1,8,0,0,0
How to save as a wedding guest,0,0,0,0,0,7,0,0,0
"No, Trump groper Halloween costumes aren't funny",0,0,0,0,0,7,0,1,0
Meet the ?Clinton coalition?: Hillary?s must-win Ohio voters,0,0,0,0,0,8,0,0,0
Why Gore in 2000 is different than Trump now,0,0,0,0,0,9,0,0,0
Google suggests Sanders may get a bunch of votes,0,0,0,0,0,9,0,0,0
"Trump: Obama should be working, not campaigning",0,0,0,0,0,7,0,0,0
Election officials fear untrained poll watchers,0,0,0,0,0,6,0,0,0
Trump?s Gettysburg address outlines first 100 days,0,0,0,0,0,7,0,0,0
Trump lawyers want the campaign to be off-limits in Trump U. trial,0,0,0,0,0,12,0,0,0
"Biden: If this was high school, I?d take Trump ?behind the gym?",0,0,0,0,0,12,0,0,0
Clinton NYC HQ evacuated over substance found in envelope,0,0,1,0,0,9,0,0,0
Turkey attacks US-backed Kurdish fighters in Syria,0,0,0,0,0,7,0,0,0
China: Soon the most visible victim of deglobalisation,0,0,0,0,0,8,0,0,0
Hackers cripple US internet in wide-scale cyber attack,0,0,1,0,0,8,0,0,0
US scientists find new way to convert CO2 to green fuel,0,0,1,0,0,11,0,0,0
Sulphur cloud from torched plant kills two Iraqis,0,0,0,0,0,8,0,0,0
North Carolina voters flood polls after voting battle,0,0,0,0,0,8,0,0,0
Iraq turns down Turkey's help in battle for Mosul,0,0,0,0,0,9,0,0,0
Donald Trump is America,0,0,0,0,0,4,0,0,0
The voices of peace opposing war in India and Pakistan,0,0,0,0,0,10,0,0,0
WikiLeaks: Neutral reporter or political player?,0,1,0,0,0,6,0,0,0
Are India and Pakistan heading for a nuclear showdown?,0,1,0,0,0,9,0,0,0
Economics defines India-Pakistan rapprochement,0,0,0,0,0,4,0,0,0
Indians and Pakistanis make peace overseas,0,0,0,0,0,6,0,0,0
Bourdain on Nashville: We left 'damaged but happy',0,0,0,0,0,8,0,0,0
Having a beer with President Obama in Vietnam,0,0,0,0,0,8,0,0,0
Nashville: A chef's guide to a city with incredible range,0,0,0,0,0,10,0,0,0
Bourdain's 'enchanting' visit to Senegal,0,0,0,0,0,5,0,0,0
Beauty and stiff drinks in a former Soviet republic,0,0,0,0,0,9,0,0,0
Finding the beating heart of Big Sky Country,0,0,0,0,0,8,0,0,0
Unfinished business in the Philippines,0,0,0,0,0,5,0,0,0
N.Y. Governor Cuomo Signs Bill to Fine Illegal Airbnb Hosts,0,0,0,0,0,11,0,0,0
AT&T Pushing for Time Warner Deal by Monday to Beat Rivals,0,0,1,0,0,11,0,0,0
Australia Discovers the Cost of Blocking China,0,0,0,0,0,7,0,0,0
Warren Buffett Loves This Business?Maybe a Little Too Much,0,0,0,0,0,9,0,0,0
Clinton Campaign Ponders 'What If' Trump Doesn't Concede,0,0,0,0,0,8,0,0,0
The Feds Won?t Buy This $19 Million Stealth Boat?or Let It Be Sold Abroad,0,0,1,0,0,14,0,0,0
Oil Market Glut Grows Bigger as Saudi Arabia Says Worst Is Over,0,0,0,0,0,12,0,0,0
Pound?s Uncomfortable Truce Can?t Mask the Risk of Abrupt Swings,0,0,0,0,0,10,0,0,0
"New Zimbabwe Notes Stir Memory of 1,000,000,000% Inflation",0,0,0,0,0,11,0,0,0
Hedge Fund Managers Struggle to Master Their Miserable New World,0,0,0,0,0,10,0,0,0
AT&T Discussed Idea of Takeover in Time Warner Meetings,0,0,1,0,0,9,0,0,0
Russia?s Rising Oil-Output Forecasts Give Leverage in OPEC Talks,0,0,1,0,0,9,0,0,0
Putin Helped Save His Oil Giant. Now Rosneft Returns the Favor,0,0,0,0,0,11,0,0,0
Reports: AT&T Will Buy Time Warner For More Than $80 Billion,0,0,1,0,0,11,0,0,0
"Japanese Climber Junko Tabei, First Woman To Conquer Mount Everest, Dies At 77",0,0,0,0,0,13,0,0,0
At Least 70 Die In Train Derailment In Cameroon; Hundreds Injured,0,0,0,0,0,11,0,0,0
British man found dead and bound to bench at M†laga airport,0,0,1,0,0,12,0,0,0
More than 50 child refugees arrive in Britain as Calais camp faces destruction,0,0,0,0,0,13,0,0,0
Carey Mulligan joins London protest against bombardment of Aleppo,0,0,0,0,0,9,0,0,0
"'When I fled to the UK, no one believed I was 13. Ten years on, nothing's changed'",0,0,1,0,0,17,0,0,0
Asma al-Assad: from Syria's 'desert rose' to 'first lady of hell',0,0,0,0,0,11,0,0,1
Attack on Kirkuk and chemical fire push troops back from Mosul frontline,0,0,0,0,0,12,0,0,0
Iraq: hundreds treated over toxic fumes from sulphur plant 'set alight by Isis',0,0,0,0,0,13,0,0,0
Colombia airline avoids Venezuela after warplane approaches flight,0,0,0,0,0,8,0,0,0
Gaddafi's last words as he begged for mercy: 'What did I do to you?',0,1,0,0,1,15,0,0,0
?Brexit times five?: could Trump really win despite polls favoring Clinton?,0,1,0,0,0,11,0,1,0
"Houston, we've got a problem: Trump could cost Republicans Texas, polls find",0,0,0,0,0,12,0,0,0
Trump uses Gettysburg address to threaten to sue sex assault accusers,0,0,0,0,0,11,0,0,1
WikiLeaks praised by Sean Hannity and David Duke after Clinton revelations,0,0,0,0,0,11,0,0,0
Trump says countries are turning on US because 'the world hates Obama',0,0,1,0,0,12,0,0,0
Inside America's biggest prison strike: 'The 13th amendment didn't end slavery',0,0,0,0,0,11,0,1,0
Why is the Ivanka Trump clothing line boycott growing? You are what you wear,0,1,0,0,1,14,0,0,0
The brash lawyer who won NBA player Derrick Rose's rape trial,0,0,1,0,0,11,0,0,0
What did Clinton and Trump talk about in the debates ? and for how long?,0,1,0,0,0,15,0,0,0
Inside the impossible life of a New York street vendor,0,0,0,0,0,10,0,0,0
A Look at the Fight for Control of the Senate,0,0,0,0,0,10,0,0,0
Pentagon Identifies U.S. Service Member Killed in Iraq,0,0,0,0,0,9,0,0,0
AT&T Reportedly in Talks to Buy Time Warner for $80B,0,0,1,0,0,10,0,0,0
NFL Didn't Learn Its Lesson After Ray Rice Incident,0,0,1,0,0,9,0,0,0
2 Children Killed in Georgia Home Invasion,0,0,0,1,0,7,0,0,0
19 Die as Helicopter Crashes in Russia,0,0,0,1,0,7,0,0,0
Charles Barkley Talks Race in America,0,0,0,0,0,6,0,0,0
Clinton Slammed for Her View of Court Gun Ruling,0,0,0,0,0,9,0,0,0
Nobel Academy Member: Bob Dylan's Silence 'Arrogant',0,0,0,0,0,7,0,0,0
Anti-Trump Column Pulled From Student Newspaper,0,0,0,0,0,6,0,0,0
Former KKK Leader Qualifies for US Senate Debate,0,0,1,0,0,8,0,0,0
Trump Can Take a Joke Only So Far,0,0,0,0,0,8,0,0,0
Schiaparelli Probe Likely Crash-Landed on Mars,0,0,0,0,0,6,0,0,0
Deer Rescued After Being Found Tied Up,0,0,0,0,0,7,0,0,0
NSA Contractor to Be Detained Before Trial,0,0,1,0,0,7,0,0,0
Ruling Clears Way for Ky. Inmate to Get Married,0,0,0,0,0,9,0,0,0
Peanut Butter Vandal Mistakes Gathering for Trump Rally,0,0,0,0,0,8,0,0,1
Woman With Skull on Stick Leads Police to Body,0,0,0,0,0,9,0,0,0
2 Arrested in San Francisco High School Shooting,0,0,0,1,0,8,0,0,0
Twins Joined at Head Separated After 20-Hour Surgery,0,0,0,0,0,8,0,0,0
Locally Transmitted Zika Cases Found in New Area in Florida,0,0,0,0,0,10,0,0,0
"Natural Disasters May Increase Substance Abuse Risk, Study Finds",0,0,0,0,0,9,0,0,0
"Boston and San Francisco Most Active U.S. Cities, Report Finds",0,0,0,0,0,11,0,0,0
Health Issues After Hurricane Matthew Could Include Increased Zika,0,0,0,0,0,9,0,0,0
Dozens of Cholera Cases Reported in Haiti After Hurricane Matthew,0,0,0,0,0,10,0,0,0
Florida Parents Celebrate Birth of Twins During Hurricane Matthew,0,0,0,0,0,9,0,0,0
Hurricane Health Risks Can Last Long After Storm Passes,0,0,0,0,0,9,0,0,1
Surge in Cholera Cases Feared in Haiti in Aftermath of Hurricane Matthew,0,0,0,0,0,12,0,0,0
"US Investigating Repeated Cyberattacks; Twitter, Other Major Sites Temporarily Knocked Out",0,0,1,0,0,11,0,0,0
NSA Can Access More Phone Data Than Ever,0,0,1,0,0,8,0,0,0
Another Navy Officer Pleads Guilty in Hooker-for-Info Bribery Scandal,0,0,0,0,0,9,0,0,0
Trump Hits Clinton Over Haiti Controversy,0,0,0,0,0,6,0,0,0
"Under Hillary Clinton, US Officials Asked Haitians, Do You Like Bill?",0,1,1,0,1,11,0,0,0
"In Haiti, a Factory Where Big Money, State Department and the Clintons Meet",0,0,0,0,0,13,0,0,0
How to Make Sure Your Gift Cards Aren't a Gamble,0,0,0,0,1,10,0,0,0
The Spy Who Came in From the Cornfields,0,0,0,0,0,8,0,0,0
Shields and Brooks on the danger of our ideological divide,0,0,0,0,0,10,0,0,0
What the latest polls mean for the presidency -- and Congress,0,0,1,0,0,11,0,0,0
"With campaign winding down, Clinton leads polls",0,0,0,0,0,7,0,0,0
Airbnb sues New York for imposing fines on illegal renters,0,0,0,0,0,10,0,0,0
Trump vowing to sue 'every one' of his female accusers ,0,0,0,0,0,10,0,1,0
Top 6 takeaways from the final presidential debate,0,0,0,0,0,8,0,0,0
Is the media fair to Donald Trump?,0,1,0,0,0,7,0,0,0
Read our fact check of the final presidential debate,0,0,0,0,0,9,0,0,0
NSA contractor suspected of espionage is deemed a flight risk,0,0,1,0,0,10,0,0,0
Breaking down U.S.?s role in Yemen?s civil war,0,0,0,0,0,10,0,0,0
California to vote on legalizing recreational marijuana,0,0,0,0,0,7,0,0,0
Why are Republicans split about Trump?,0,1,0,0,0,6,0,0,0
A child dies every other day from gun accidents in U.S.,0,0,0,0,0,12,0,1,0
Companies race to make electric cars mainstream,0,0,0,0,0,7,0,0,0
Internet struggles? It?s not you. A colossal attack has crippled America?s web address book,0,1,0,0,1,14,0,0,0
FBI warned of white supremacists in law enforcement 10 years ago. Has anything changed?,0,1,1,0,0,14,0,0,0
Watchdog says EPA delayed Flint emergency order,0,0,1,0,0,7,0,0,0
Obama to urge millennials to sign up for health care,0,0,0,0,0,10,0,0,0
"Sexually transmitted diseases in U.S. at all-time high, CDC says",0,0,1,0,0,11,0,0,1
"Record high 60 percent of Americans back legal pot, poll finds",0,0,0,0,0,11,0,0,0
"Clinton, Trump set for last debate as ugly race nears finish",0,0,0,0,0,11,0,0,0
Business owners become donors in push to legalize marijuana,0,0,0,0,0,9,0,0,0
White House aims for 13.8 million health care sign-ups this season,0,0,0,0,0,12,0,0,0
"New voter ID rules, other election changes could cause confusion",0,0,1,0,0,10,0,0,0
U.S. Justice Department to dispatch fewer election observers,0,0,0,0,0,9,0,0,0
"Number of police officers killed on duty decreased in 2015, according to FBI",0,0,1,0,0,13,0,0,0
"Don?t worry America, Canada thinks you?ve always been great",0,0,0,0,1,9,0,0,0
"Nearly one out of five U.S. drivers is age 65 or older, government says",0,0,0,0,0,15,0,0,0
"Six years after the Great Recession, house flipping is on the rise",0,0,0,0,0,12,0,0,0
LGBTQ seniors face discrimination in long-term care,0,0,1,0,0,7,0,0,0
What Is Your Inner Potato?,1,1,0,0,1,5,0,0,0
43 Halloween Costumes You Can Make For Under $20,1,0,1,1,1,9,1,0,0
Leonardo DiCaprio Might Be A Human Puppy,1,0,0,0,0,7,0,0,0
"WTF Is Mindfulness, Actually?",1,1,1,0,0,4,0,1,0
The Top 10 DUMBEST BuzzFeed Lists You?re EMBARRASSED To Say You CLICKED,1,0,1,0,1,12,0,0,1
A Black Metal Band Crashed A Couple's Engagement Shoot And It's Perfect,1,0,0,0,0,12,0,1,0
15 Hedgehogs With Things That Look Like Hedgehogs,1,0,0,1,0,8,0,0,0
Can You Spot The Fast Food Breakfast Item With The Most Calories?,1,1,0,0,1,12,1,0,0
21 Foods That Forgot How To Food,1,0,0,1,0,7,0,0,0
19 Halloween Costumes That Failed So Hard They'll Scare You Shitless,1,0,0,1,1,11,0,0,1
Which Possible Illuminati Member Are You?,1,1,0,0,1,6,0,0,0
22 Jokes That You'll Probably Go To Hell For Laughing At,1,0,0,1,1,11,0,1,1
26 Face Swaps That Will Make You Ridiculously Uncomfortable,1,0,0,1,1,9,1,0,0
15 Amazing Loter°a Costumes That?ll Inspire You This Halloween,1,0,0,1,1,9,0,0,0
Which Ousted Arab Spring Ruler Are You?,1,1,0,0,1,7,0,0,0
29 Rare Pictures Obama Doesn't Want You To See,1,0,0,1,1,9,0,1,0
37 Things Conservatives Would Rather Do Than Watch Obama?s State Of The Union Speech,1,0,0,1,0,14,0,0,0
7 Beautiful Girls Justin Bieber Has Dated (With Pictures),1,0,0,1,0,9,0,1,0
15 Funniest *Hits Blunt* Memes On The Internet,1,0,0,1,0,8,0,1,0
9 Beautiful Girls Zayn Malik Has Dated,1,0,0,1,0,7,0,0,0
15 Funniest ?Starter Pack? Memes On The Internet,1,0,0,1,0,8,0,1,0
Best and Worst U.S. Presidents (In Order),1,0,0,0,0,8,0,0,0
Most Outrageous Donald Trump Quotes (Yes these are all real),1,0,0,0,0,10,0,0,0
Funniest *Hits Blunt* Memes On The Internet PART 2,1,0,1,0,0,9,0,1,0
Signs You Go To Indiana University,1,0,0,0,1,6,0,0,0
The Case Against Fully Shifting To Gender Neutral Bathrooms,1,0,0,0,0,9,0,0,0
8 Funniest Hillary Clinton Emails Released By The State Department,1,0,0,1,0,10,0,1,0
33 Historical Photos That Are Pretty Unneving,1,0,0,1,0,7,1,0,0
Be Polite: Slide A Coaster Under These Toads,1,0,0,0,0,8,0,0,0
6 Things Only Coffee Addicts And The Almighty Lord Understand,1,0,0,1,0,10,0,0,0
"Party?s Over, Wiseass: Change The Dildos In These Cops? Hands Back To Guns",1,0,0,0,0,13,0,0,1
Draw The Curtains On These Street Urchins Peering In At Our Roast Goose Supper,1,0,0,0,0,14,0,0,0
These Trophy Hunters Aren?t So Bad When They?re Kneeling Next To A Rolled-Up Rug,1,0,0,0,0,14,0,0,0
Give Billy Corgan A Kiss On The Forehead,1,0,0,0,0,8,0,0,0
Help These Oafs Get Their Shirts Over Their Heads,1,0,0,0,0,9,0,0,0
Plop Some Lips On These Unfinished Masterpieces And Call It A Day,1,0,0,0,0,12,0,0,0
Use The Sliders To Exchange These Coupons For A Picture Of Benicio Del Toro,1,0,0,0,0,14,0,1,0
We Asked 6 Hollywood Superstars To Share Their Favorite Stories About Stanley Kubrick,1,0,0,0,0,13,0,0,0
Get Healthy With The ClickHole Clean Eating Challenge,1,0,0,0,0,8,0,0,0
8 Pieces Of Misinformation You Should Confidently Tell Everyone You Know,1,0,0,1,1,11,0,1,0
11 Signs You?re Dating Your Soulmate,1,0,0,1,1,6,0,0,0
7 Reasons You Need A New Car?And Fast,1,0,0,1,1,8,0,0,0
5 Ford Vehicles That Look Right At Home Next To Articles About Road Trips,1,0,0,1,0,14,0,0,0
10 Incredible Photo Stories You Absolutely Can't Miss ,1,0,0,1,1,8,0,0,0
17 Dads Who Were Literally EVERYTHING ,1,0,1,1,0,6,0,1,0
26 Things You'll Totally Get If You're 23 Going On 83 ,1,0,0,1,1,11,0,1,0
17 Things Millennials Should Stop Wasting Money On So They Can Buy A House Instead ,1,0,0,1,0,15,0,0,0
19 Obama And Biden Tweets That Are Guaranteed To Make You Laugh ,1,0,0,1,1,12,1,1,0
20 Delightful Pencils For Literally Every Occasion ,1,0,0,1,0,7,0,1,0
These Women Were Born Before The 19th Amendment And Now Are Voting For Hillary Clinton ,1,0,0,0,0,15,0,0,0
"It's True, Your Cheese Preferences Will Determine The Number Of Kids You'll Have ",1,0,0,0,1,13,0,0,0
20 Delicious Bite-Size Desserts That Are Perfect For Entertaining ,1,0,0,1,0,9,1,1,0
Which Stereotypical College Student Are You? ,1,1,0,0,1,6,0,1,0
People Are Super Invested In These Two College Students' Weird And Hilarious Tinder Story ,1,0,0,0,0,14,1,1,0
14 Painfully Real Tweets About College That'll Make You Laugh ,1,0,0,1,1,10,1,1,0
Which 2016 Concert Tour Are You Based On Your Zodiac Sign? ,1,1,0,0,1,11,0,0,0
11 Spooky Scottish Houses In The Middle Of Nowhere You Can Buy ,1,0,0,1,1,12,1,0,0
"Which ""Friends"" Character Are You Based On Your Coffee Order? ",1,1,0,0,1,10,0,0,0
Here Is What An Abortion At 22 Weeks Is Actually Like ,1,0,0,0,0,11,0,1,0
This Guy Shared A Hack For Avoiding Parking Tickets And People Are Freaking Out ,1,0,0,0,0,14,1,1,0
This Chocolate Quiz Will Reveal Your Exact Age ,1,0,0,0,1,8,0,1,0
If You Can Pass This Drug Quiz We'll Only Be A Little Suspicious ,1,0,0,0,1,13,1,1,1
People Are Trolling Eric Trump For Apparently Getting Caught Putting Lemonade In A Free Water Cup ,1,0,0,0,0,16,1,0,0
22 Questions Human Beings Will Never Ever Be Able To Answer ,1,0,0,1,0,11,0,0,0
Can We All Please Agree Blackface Is NOT Necessary? ,1,1,1,0,0,9,0,0,0
"18 Hilarious Tumblr Posts Only ""The Sims"" Fans Will Get ",1,0,0,1,0,10,0,1,0
29 Things That Made Everyone Between The Ages Of 24 And 31 Shit Their Pants Growing Up ,1,0,0,1,0,17,0,1,1
12 Valuable Skills You Actually Learn In College ,1,0,0,1,1,8,0,1,0
26 Of The Coolest Things On Amazon Launchpad ,1,0,0,1,0,8,0,0,0
These Spooky Butts Will Get You In The Halloween Spirit ,1,0,0,0,1,10,0,0,1
23 Picture Tweets That Prove We Don't Deserve Animals ,1,0,0,1,0,9,0,1,0
How Garbage Are Your Opinions About Netflix's Marvel Shows?,1,1,0,0,1,9,0,0,0
26 Texts That Are Way Funnier Than They Have Any Right To Be,1,0,0,1,0,13,1,0,0
"We Know Your Major Based On Your Favorite ""Harry Potter"" Character",1,0,0,0,1,11,0,0,0
23 Funny Things About Living In America Only Brits Will Get,1,0,0,1,0,11,0,1,0
Which Ivy League School Should You Apply To Based On Your Zodiac Sign?,1,1,0,0,1,13,1,0,0
We Can Guess Your Age Based On Your Makeup Preferences,1,0,0,0,1,10,0,0,0
The Great Barrier Reef Has Been Given Another Shitty Report Card,1,0,0,0,0,11,0,0,1
"How Well Do You Remember ""The Simpsons"" Halloween Specials?",1,1,0,0,1,9,0,0,0
11 Of The Most Savage Burns In Literature,1,0,0,1,0,8,0,1,0
15 Kids Who Were Absolute Savages With Their Test Answers,1,0,0,1,0,10,0,1,0
"Someone Tried To Say ""Bon AppÇtit"" And Failed And Now It's A Huge Meme",1,0,0,0,0,14,0,1,0
People Think This CNN Commentator Perfectly Summed Up The Last Debate,1,0,1,0,0,11,0,1,0
Puppets Somehow Got Dragged Into The Debate Because 2016 Isn't Even Real,1,0,0,0,0,12,0,0,0
We Know If You're A Business Major Based On These Three Questions,1,0,0,0,1,12,0,0,0
Donald Trump Said Putin Isn't His Best Friend And The Memes Rushed In,1,0,0,0,0,13,0,1,0
The Story Of A Student Scared Of His Parents After He ?Only? Got 98% In A Test Is 100% Not True,1,0,0,0,0,21,0,0,0
What % Wednesday Addams Are You?,1,1,0,0,1,6,0,0,0
"Women Are Reclaiming Their ""Nastiness"" After Trump Called Clinton ""Nasty"" During The Debate",1,0,0,0,0,13,0,0,0
This Is How Much Trump And Clinton Have Changed Over The Years,1,0,0,0,0,12,0,0,0
13 Of Donald Trump?s Infamous Debate Phrases That Actually Make Great Band Names,1,0,0,1,0,13,0,1,0
"The Ultimate ""Scream Queens"" Season 2 Drinking Game",1,0,0,0,0,8,0,0,0
Fact: Michelle Obama Is The Most Fashionable First Lady Of All Time,1,0,0,0,0,12,0,0,1
27 Products That Are Almost Too Clever To Use,1,0,0,1,0,9,1,0,0
23 Real AF Jokes That Will Make All Feminists Laugh,1,0,1,1,0,10,1,1,1
Drake Is Officially The Hottest Man Alive And I Can't Take It,1,0,0,0,0,12,0,1,0
"15 Halloween Costumes That Will Make You Like, ""No More, Thanks.""",1,0,0,1,1,11,1,0,0
Just A Bunch Of Really Funny/Sad Tweets About Tonight's Debate,1,0,0,0,0,10,0,1,0
This Studying Trend Will Either Inspire You Or Stress You The F Out,1,0,0,0,1,13,0,0,1
"No, The Trump Hotel In Las Vegas Does Not Have ""Hillary For Prison 2016"" On It",1,0,0,0,0,16,0,0,0
This Breast Cancer Survivor Got Her Dream Photo Shoot And Reminded All Of Us That We Are Beautiful No Matter What,1,0,0,0,0,21,0,0,0
21 Thrifty Bloggers Who Prove Style Shouldn't Cost Your Savings,1,0,0,1,1,10,0,0,0
16 Customer Horror Stories That Prove Retail Workers Deserve A Goddamn Medal,1,0,0,1,0,12,0,0,1
24 Pictures That Will Make Any Server Say ?Fuck This!?,1,0,0,1,0,11,1,1,1
"23 Really Funny Tumblr Posts That Are Just About, Like, Life",1,0,0,1,0,11,1,1,0
26 Pictures That?ll Make You Say ?WTF Were You Thinking??,1,1,0,1,1,11,1,1,0
Everyone?s Heading Straight To The Gym Because Of Teyana Taylor,1,0,0,0,0,10,0,1,0
Taylor Swift Looks Really Happy To Be At Jury Duty Right Now,1,0,0,0,0,12,0,1,0
The 17 Absolute Worst People In The World,1,0,0,0,0,8,0,0,0
23 Times Gloria From ?Modern Family? Made Us Burst Out Laughing,1,0,0,1,0,11,0,1,0
19 Tweets That Will Speak To You If You Think People Are The Worst,1,0,0,1,1,14,1,0,0
Michael Phelps Was All About Jimmy Fallon?s Ryan Lochte Impression,1,0,0,0,0,10,0,0,0
BeyoncÇ?s VMAs Performance Just Scalped All Of Twitter,1,0,0,0,0,8,0,0,0
Ansel Elgort Is Everyone?s Super Hot Emo Boyfriend From 2002,1,0,0,0,0,10,0,1,0
27 ?Powerpuff Girls? Tumblr Posts Guaranteed To Make You Laugh,1,0,0,1,1,10,1,1,0
17 Kids Who Had No Fucking Filter,1,0,0,1,0,7,0,0,1
18 Things You?ll Only Understand If You?ve Been To IKEA Alone,1,0,1,1,1,11,0,0,0
22 ?Cutthroat Kitchen? Tumblr Posts That?ll Make You Pee Your Pants Laughing,1,0,0,1,1,12,1,1,0
18 Tumblr Posts You?ll Relate To If You?re Just So Beautiful,1,0,0,1,1,11,0,1,0
"Shut It Down, Drake Got Rihanna A Billboard",1,0,0,0,0,8,0,0,0
Literally Just 17 Funny Jokes For Anyone That Understands Spanish,1,0,0,0,0,10,0,1,0
22 People Who Will Actually Make America Great Again,1,0,0,1,0,9,0,1,0
Beware Of These 19 Dogs: We Warned You,1,0,0,0,1,8,0,0,0
24 Times Blake Lively Was Really Fucking Funny On Instagram,1,0,0,1,0,10,0,1,1
Britney Is The Latest ?Carpool Karaoke? Guest And It?s Everything,1,0,0,0,0,10,0,1,0
Celebrities Who Hang With Trump Vs. Celebrities Who Hang With Hillary Clinton,1,0,0,0,0,12,0,0,0
"23 Photos That Will Make You Say ?Damn, Grandma?",1,0,0,1,1,9,1,0,1
24 Pictures That Will Make You Smile Way More Than They Should,1,0,0,1,1,12,1,1,0
24 Tumblr Posts About ?Bake Off? That?ll Make You Laugh,1,0,0,1,1,10,1,1,0
19 Devastating Burns That Don?t Use Curse Words,1,0,0,1,0,8,0,0,0
17 Pregnancy Horror Stories That Will Make You Cringe Then Laugh,1,0,0,1,1,11,1,1,0
We Have To Talk About The ?Bake Off? Contestant Who Can Hear When Her Bakes Are Ready,1,0,0,0,0,17,0,0,0
Ryan Reynolds? Responses To Fans? Sexual Tweets Are Actually Hilarious,1,0,0,0,0,10,0,1,1
Piers Morgan Insulted India?s Olympic Performance And Indian Twitter Unleashed Its Full Savagery,1,0,0,0,0,13,0,1,0
21 Boozy Memes That Were Literally Written About You,1,0,0,1,1,9,0,1,0
I Attempted A Zumbo Dessert Challenge And It Was So Terrible,1,0,0,0,0,11,0,1,0
17 Hilarious Tumblr Posts About ?Chopped? That?ll Make You Laugh Out Loud,1,0,0,1,1,12,1,1,0
Apparently Justin Bieber Has A New-New Girlfriend Named Bronte Blampied,1,0,0,0,0,10,0,0,0
Please Enjoy These Really Clever Jokes,1,0,0,0,0,6,0,1,0
19 Tumblr Posts About ?The Sims? Guaranteed To Make You Laugh,1,0,0,1,1,11,1,1,0
21 Things You Should Never Do At McDonald?s,1,0,0,1,1,8,0,0,0
23 Things That Definitely Happened In The Harry Potter Universe,1,0,0,1,0,10,0,0,0
17 Photos Only People Deeply Obsessed With Avocado Will Understand,1,0,0,1,0,10,0,0,0
17 Slightly Terrible Things Only People Named Sarah Understand,1,0,0,1,0,9,0,1,0
23 Moms Who Deserve A Fucking Medal,1,0,0,1,0,7,0,0,1
22 Photos That Show How Much The Olympics Have Changed,1,0,0,1,0,10,0,1,0
Literally Just 17 Hilarious Tweets Anyone Who?s Worked A Register Will Get,1,0,0,0,0,12,0,1,0
21 Tweets That Will Make You Say ?Same? If You?re A Person Who Doesn?t Like People,1,0,0,1,1,16,1,0,0
"26 People Who Are Having A Way, Way Worse Day Than You",1,0,0,1,1,12,0,0,0
Simone Biles? Brazilian ?Boyfriend? Isn?t Too Happy With Zac Efron,1,0,0,0,0,10,0,0,0
Some Teens Pretended To Be Pregnant Using A Watermelon So They Could Sneak Snacks Into A Theater,1,0,0,0,0,17,0,1,0
The 17 Funniest Tweets About Ryan Lochte So Far,1,0,0,0,0,9,0,1,0
16 Insanely Accurate Snapchats All Moms Are Guilty Of Posting,1,0,0,1,0,10,0,1,0
18 Mel And Sue ?Bake Off? Puns That Will Tickle Your Fondant Fancy,1,0,0,1,1,13,1,0,0
People Are Losing Their Shit Because Ryan Lochte GTFO Of Brazil,1,0,1,0,0,11,1,0,1
38 Myspace Pictures That?ll Take You Right Back To The ?00s,1,0,0,1,1,11,0,1,0
21 Things You?ll Understand If You?re Not Yet A Real Adult,1,0,0,1,1,11,0,0,0
This Kid Had His Birthday Party At Target And It Was Everything,1,0,0,0,0,12,0,1,0
15 Genius Products That Are Necessary When You Have Your Period,1,0,0,1,1,11,1,0,0
Justin Bieber Came The Fuck Through And Actually Deleted His Instagram,1,0,0,0,0,11,0,1,1
"The Vigil Idiot Reviews ?Mohenjo Daro?, A Crime Against Both History And Logic",1,0,0,0,0,13,0,0,0
"It Happened Again, Olympic Divers Got Accidentally Censored And It?s Basically Porn",1,0,0,0,0,12,0,1,0
19 Times Paris Hilton?s Snapchat Deserved A Goddamn Medal,1,0,0,1,0,9,0,0,1
Hilarious Tweets All Chipotle Lovers Will Totally Understand,1,0,0,0,0,8,0,1,0
19 Of The Funniest ?Roses Are Red?? Tweets,1,0,0,1,0,8,0,1,0
Usain Bolt Smiled For The Camera Mid-Race And It Became A Meme,1,0,0,0,0,12,0,1,0
This Olympian?s Post-Game Macca?s Order Is Honestly So Inspiring,1,0,0,0,0,9,0,0,0
Selena Gomez And Justin Bieber Are Feuding On Instagram,1,0,0,0,0,9,0,0,0
23 Grandparents Who Deserve A Fucking Medal,1,0,0,1,0,7,0,0,1
This Is Why Olympians Bite Their Medals In Photos,1,0,0,0,0,9,0,0,0
Adele Said No To Performing At The 2017 Super Bowl ?Cause She?s A Badass,1,0,0,0,0,14,0,0,1
This College Student Matched With Joseph Schooling On Tinder And She Regrets Not Replying To Him,1,0,0,0,0,16,0,0,0
People Aren?t Buying That Someone Else Took This Photo Of Parineeti Chopra Sleeping,1,0,0,0,0,13,1,0,0
24 Faces Only People With A Penis Will Understand,1,0,0,1,0,9,0,0,1
Olympic Swimmers Keep Breaking This Basic Pool Rule And It?s Driving People Nuts,1,0,0,0,0,13,0,1,0
People Levitating On The Trampoline Is The Funniest Thing,1,0,0,0,0,9,0,1,0
Seth Rogen Frightened People With Talking Food And It?s Everything,1,0,0,0,0,10,0,1,0
This Guy?s Job Is To Carry A Bag Of Condoms At The Olympics,1,0,0,0,0,13,0,1,1
21 Ancient Olympic Sports They Should Bring Back,1,0,0,1,0,8,0,1,0
21 Times People Should Not Have Tried To Cook Drunk,1,0,0,1,0,10,0,0,0
"17 Olympic Gymnasts From 1908 Who Will Make You Say ?Yeah, I Could Probably Do That?",1,0,0,1,1,16,1,1,0
16 Times The New Brooklyn Whole Foods Went Too Damn Far,1,0,0,1,0,11,0,0,1
People Love This Teen?s Hilariously Real Makeup Tutorial,1,0,0,0,0,8,0,1,0
Literally Just 14 Lucille Bluth Quotes On Pictures Of Donald Trump,1,0,0,0,0,11,0,1,0
Mug Cakes Are The Biggest Fucking Lie In The World,1,0,0,0,0,10,0,0,1
13 Tweets That Will Make You Say ?Me Watching Gymnastics?,1,0,0,1,1,10,1,0,0
22 Times Scottish Kids Didn?t Give A Single Fuck,1,0,0,1,0,9,0,0,1
People Are Laughing So Hard At This Dog?s Unfortunate ?Trim?,1,0,0,0,0,10,1,1,0
Olympic Backstrokers Emerging From The Water Is Actually Freaky As Fuck,1,0,0,0,0,11,0,1,1
Aly Raisman?s Nervous AF Parents Are All Of Us,1,0,1,0,0,9,0,0,1
"25 Dogs Who Are So Cute, But So, So Dumb",1,0,0,1,0,10,0,0,0
17 Stores From Your Childhood That No Longer Exist,1,0,0,1,1,9,0,0,0
25 YouTube Comments That Will Make You Laugh For No Actual Reason,1,0,0,1,1,12,1,1,0
22 Olympics Fails That?ll Make You Feel Bad For Laughing,1,0,0,1,1,10,1,1,0
23 Hilarious Tweets From Celebrity Parents,1,0,0,1,0,6,0,1,0
26 Snapchats That Are Funnier Than They Should Be,1,0,0,1,0,9,1,0,0
17 Hilarious Tweets About You Before And After The Olympics,1,0,0,1,1,10,0,1,0
24 Pictures That Will Actually Hit A Little Too Close To Home For Swimmers,1,0,0,1,0,14,1,1,0
17 Things That Girls With Big Butts Will Think Are Fake,1,0,0,1,0,11,0,0,1
21 Hilarious Tweets About The Rio Opening Ceremonies,1,0,0,1,0,8,0,1,0
37 Thoughts We All Had During The Rio Olympics Opening Ceremony,1,0,0,1,0,11,0,1,0
15 Photos That Show Just How Insane Olympics Opening Ceremonies Are,1,0,0,1,0,11,0,1,0
This House Hasn?t Been Touched Since The ?70s And It?s For Sale If You Want It,1,0,0,0,1,16,0,0,0
Here?s New ?Beauty And The Beast? Live-Action Photos To Get You Excited,1,0,0,0,1,12,0,0,0
These Cookie Decorating Videos Are So Mesmerizing It?s Insane,1,0,0,0,0,9,0,1,0
25 Facts That Will Destroy Your Worldview,1,0,0,1,1,7,1,0,0
This Heartbreaking Photo Shows An Elderly Couple Who Were Forced To Live Apart,1,0,0,0,0,13,0,0,0
13 Real Life Horror Stories That Will Keep You Up At Night,1,0,0,1,1,12,1,0,0
"FYI, A Lot Of Pop Stars Hate Their Own Iconic Songs",1,0,1,0,0,11,0,0,0
29 People Who Probably Had A Worse Summer Than You,1,0,0,1,1,10,0,0,0
11 Super Creepy Modern Conspiracies That?ll Make You Believe,1,0,0,1,1,9,1,0,0
The Actor Who Played Viktor Krum In ?Harry Potter? Has Lots Of Tattoos Now,1,0,0,0,0,14,0,0,0
This Harry Potter-Themed Cafe Is Going To Make Every Dining Experience You Have Magical AF,1,0,1,0,1,15,0,1,1
Here?s What Olympic Gymnasts? Abs Look Like,1,0,0,0,0,7,0,1,0
22 Home Libraries That Will Give You Serious Reading Goals,1,0,0,1,1,10,1,0,0
14 Facts About Michael Phelps That Will Make You Say ?Holy Shit?,1,0,0,1,1,12,1,0,1
17 Delicious Disneyland Treats You Can Make At Home,1,0,0,1,1,9,1,0,0
This Picture Shows The Huge Difference In Heights Between Olympic Athletes,1,0,0,0,0,11,0,1,0
17 Japanese Urban Legends That?ll Scare The Shit Out Of You,1,0,0,1,1,11,0,0,1
These Rings Have Tiny Forests Inside Of Them And Just Take My Money Already,1,0,0,0,0,14,0,0,0
This ?Star Wars? Theory About Rey Is Insane,1,0,0,0,0,8,0,1,0
"Time To Freak Out, Because The New ?Sherlock? Trailer Is Here",1,0,0,0,0,11,0,0,0
The New ?Fantastic Beasts? Trailer Shows Us Lots Of Magical Creatures,1,0,0,0,0,11,0,0,0
Here?s Our First Look At The ?Hey Arnold? Reboot,1,0,0,0,0,9,0,0,0
16 Surprising Ways You Didn?t Know You Could Get Pregnant,1,0,0,1,1,10,0,1,0
23 Haunted College Campuses That?ll Scare The Shit Out Of You,1,0,0,1,1,11,0,0,1
This Guy Transforms Himself Into ?Game Of Thrones? Characters And It?s Amazing,1,0,0,0,0,12,0,0,0
The Whole Kanye And Taylor Mess Just Got Even Worse,1,0,0,0,0,10,0,0,0
This Is What The Mountain?s Face From ?Game Of Thrones? Actually Looks Like Under That Helmet Btw,1,0,0,0,0,17,0,1,0
"19 Indian Models You Need To Follow On Instagram, Like Yesterday",1,0,0,1,1,11,1,0,0
21 Fruits And Veggies You Didn?t Know Grew Like That,1,0,0,1,1,10,0,0,0
The Interesting Details In The ?Game Of Thrones? Finale You May Have Missed,1,0,0,0,1,13,0,0,0
Crystal Pepsi Is Coming Back Because The ?90s Are Alive And Well,1,0,0,0,0,12,0,0,0
Holy Shit J.K. Rowling Just Released So Much Info On The American Wizarding School,1,0,0,0,0,15,0,0,1
People Are Making Sushi Food Hybrids And It Is Bonkers,1,0,0,0,0,10,1,0,0
Here?s One Thing You Probably Didn?t Spot In The ?Game Of Thrones? Finale,1,0,0,0,1,13,0,0,0
We Need To Talk About That Insane ?Game Of Thrones? Twist,1,0,0,0,0,11,1,1,0
Sia?s Face Was Exposed By Some Petty Wind At A Concert,1,0,0,0,0,11,0,0,0
This College Student?s Insane Optical Illusions Will Blow Your Mind,1,0,0,0,1,10,0,1,0
This Woman Uses Clay To Make Miniature Food So Realistic You?ll Get Confused And Eat It,1,0,0,0,1,16,0,0,0
These 13 Smash Hits Were Rejected By Other Huge Artists,1,0,0,0,0,10,0,0,0
33 Must-Eat Foods From Smorgasburg That?ll Make You Hungry AF,1,0,1,1,1,10,1,0,1
Kristin Chenoweth And Idina Menzel Reunited To Sing Wicked?s ?For Good?,1,0,0,0,0,11,0,0,0
This Writer Unexpectedly Gave Birth To A Baby Girl In The Back Of A Honda,1,0,0,0,0,15,0,0,0
This ?Game Of Thrones? Fan Theory About Tyrion Could Be Important,1,0,0,0,0,11,0,1,0
The Interesting Details You Might Have Missed On ?Game Of Thrones? This Week,1,0,0,0,1,13,0,0,0
The Creepy Story Of The ?Men In Black?,1,0,0,0,0,8,0,0,0
Mandy Moore Found An Old ?A Walk To Remember? Prop And It?s Amazing,1,0,0,0,0,13,0,0,0
This Note From The ?Game Of Thrones? Premiere May Reveal Jaime?s True Intentions,1,0,0,0,0,13,0,1,0
How Well Do You Know Panic! At The Disco Lyrics?,1,1,0,0,1,10,0,0,0
"Oh My God, There?s Going To Be A Disney Channel Original Movie Marathon",1,0,0,0,0,13,0,0,0
17 Real-Life Ghost Stories That?ll Freak You The Fuck Out,1,0,0,1,1,10,0,0,1
Everyone?s Losing Their Shit Over This Insanely Pretty Rainbow Highlighter,1,0,0,0,0,10,0,1,1
We Tried Clothes From The Internet?s Cheapest Stores And Here?s What They?re Actually Like,1,0,0,0,0,14,0,1,0
The Story Of How Nine Hikers Died Remains Unsolved,1,0,0,0,0,9,0,0,0
"This Backstreet Boys Tweet Will Make You Feel Really, Really Old",1,0,0,0,1,11,1,1,0
The Cast Of ?Bend It Like Beckham? Then And Now,1,0,0,0,0,10,0,0,0
7 First Look Photos From The Set Of The ?Gilmore Girls? Revival,1,0,0,1,0,12,0,0,0
24 Questions We Still Have After Watching The ?Fantastic Beasts? Trailer,1,0,0,1,0,11,0,0,0
This Guy Slept For Only 5 Hours A Day As An Experiment,1,0,0,0,0,12,0,0,0
18 Creepily Fascinating True Crime Books You Really Need To Read,1,0,0,1,1,11,1,1,0
"26 Momente, die allen weh tun, die Basketball spielen",1,0,0,1,0,9,0,0,0
22 Desserts That Prove Sweet & Salty Is The Perfect Combo,1,0,0,1,0,11,0,1,0
"OMG, The Backstreet Boys Are Recording New Music And Planning A Vegas Residency",1,0,1,0,0,13,0,0,0
23 Strange Movie Facts You Probably Didn?t Know Until Now,1,0,0,1,1,10,0,0,0
One Of The Most Chilling Unsolved Murders In American History,1,0,0,0,0,10,0,0,0
24 Insanely Scary Horror Movies That?ll Keep You Awake Forever,1,0,0,1,1,10,0,1,0
This Dessert Looks Just Like A Blob Of Water And I Can?t Look Away,1,0,0,0,0,14,0,0,0
"13 Werbe-OhrwÅrmer, die jedem 90er-Kind SOFORT im Kopf hÑngen bleiben",1,0,1,1,0,10,0,0,0
30 Things You Need To Eat This Month,1,0,0,1,1,8,1,0,0
"12 Typen, die komplett an Tinder gescheitert sind",1,0,0,1,0,8,0,0,0
This Airbnb Inside A Shark Tank Is The Ultimate Adventure To Add To Your Bucket List,1,0,0,0,1,16,0,0,0
New ?Game Of Thrones? Trailer Will Get You Even More Excited For Season 6,1,0,0,0,1,14,0,0,0
There?s Going To Be An Unofficial ?Gilmore Girls? Cookbook,1,0,0,0,0,9,0,0,0
The Trailer For ?Game Of Thrones? Season 6 Is Finally Here And Oh My God,1,0,0,0,0,15,0,0,0
A Black Man Wore Different Kinds Of Clothing To See If People Treated Him Differently,1,0,0,0,0,15,0,0,0
"The Wizarding World Of Harry Potter May Host A Yule Ball, People",1,0,0,0,0,12,0,0,0
"Netflix Will Pay You $4,000 To Travel And Take Instagram Photos",1,0,1,0,1,12,0,0,0
Zayn Remixed With One Direction Is Everything You?ve Been Waiting For,1,0,0,0,1,11,0,1,0
Here Is All The Proof That Americans Are SERIOUS About Moving To Canada If Trump Wins,1,0,1,0,0,16,0,0,0
Here?s What It?s Like To Return To Earth After A Year In Space,1,0,0,0,0,13,0,0,0
We Visited Sydney?s New Nutella CafÇ To See What All The Fuss Is About,1,0,0,0,0,14,0,0,0
We Asked Queer Women To Tell Us About The Last Time They Had Sex,1,0,0,0,0,14,0,0,1
These People Tried A Sensory Deprivation Tank For The First Time And Found Inner Peace,1,0,0,0,0,15,0,0,0
This Mother Found A Huge Snake In Her Son?s Bed Biting His Face,1,0,0,0,0,13,0,0,0
Here Are The Celebrities Who Have Come Out In Support Of Kesha,1,0,0,0,0,12,0,0,0
Chris Hemsworth Is In India And We Can?t Breathe,1,0,0,0,0,9,0,0,0
This Chocolate Dessert Is Completely Mesmerizing,1,0,0,0,0,6,0,0,0
Here?s A Clever Thing You Never Noticed About ?Beauty And The Beast? And ?Aladdin?,1,0,0,0,1,14,0,0,0
This Glazed Doughnut Has A Cinnamon Roll Inside Of It ?Cause Why The Hell Not?,1,1,0,0,0,15,0,0,1
This Family Photo Has Everybody On The Internet Freaking Out,1,0,0,0,0,10,0,1,0
This Incredible ?Making A Murderer? Theory Is Too Good To Be True,1,0,0,0,0,12,0,0,0
The Creepiest Unsolved Murder Of All Time,1,0,0,0,0,7,0,0,0
Airplane Food In Economy Vs. First Class On 20 Airlines,1,0,0,0,0,10,0,0,1
Rainbow Bagels Are Here And We Can?t Keep Our Shit Together,1,0,0,0,0,11,0,0,1
This Insane Amethyst-Inspired Wedding Cake Will Blow Your Mind,1,0,0,0,1,9,0,1,0
Everyone Needs To Be Talking About Kesha,1,0,0,0,0,7,0,1,0
This Is What It Looks Like To Be Pregnant With Quintuplets,1,0,0,0,0,11,0,1,0
The Last Movie Scenes Of Famous Actors Before Their Untimely Deaths,1,0,0,0,0,11,0,0,0
15 Vagina Horror Stories That?ll Send Shivers Down Your Spine,1,0,0,1,1,10,0,0,1
An Indian Palace Has Been Declared The World?s Best Hotel; Here?s What It Looks Like,1,0,0,0,0,15,0,0,0
9 Reasons Rey Is Totally Not A Skywalker,1,0,0,1,0,8,0,1,0
"25 Secrets Ambulance Dispatchers Will Never, Ever Tell You",1,0,0,1,1,9,0,0,0
This Is How Harry Potter Has Actually Changed Lives,1,0,0,0,0,9,0,1,0
Britney Spears Just Destroyed Her Return To The VMAs Stage,1,0,0,0,0,10,0,0,0
14 Life-Changing Hair Products For People Who Are Lazy AF,1,0,1,1,0,10,0,0,1
This Man Went From No Customers To 500 Thanks To A Single Facebook Post,1,0,0,0,0,14,0,0,0
37 Pictures That Show There?s No Such Thing As ?Normal? Boobs,1,0,0,1,0,11,0,1,1
These Are The Under-$20 Kitchen Items We Swear By,1,0,0,0,0,9,0,0,0
Piers Morgan Insulted India?s Olympic Performance And Indian Twitter Unleashed Its Full Savagery,1,0,0,0,0,13,0,1,0
Here?s What The Cast Of ?Living Single? Looks Like Now,1,0,0,0,0,10,0,0,0
This Celeb Was Body-Shamed To Fuck By The Sun And Responded Perfectly,1,0,0,0,0,12,0,1,1
16 Reasons Why Plus-Size Women In Sheer Clothing Is Not A Good Look,1,0,0,1,0,13,0,0,0
13 Awesome Tattoos With A Secret Behind Them,1,0,0,1,0,8,0,1,0
"Guys, We Need To Talk About Rhythmic Gymnastics",1,0,0,0,0,8,1,0,0
Here?s How Badass Horseback Riding Really Is,1,0,0,0,0,7,0,1,1
This Is What Olympic Athletes Can Look Like,1,0,0,0,0,8,0,1,0
People Can?t Handle This Girl?s Epic Revenge On Her Little Brother?s Sneakers,1,0,0,0,0,12,0,1,0
17 Underrated Products For Hairy Women That Actually Work,1,0,0,1,0,9,0,1,0
19 Teachers Who Took It To The Next Fucking Level,1,0,0,1,0,10,0,0,1
This Drag Queen?s ?Suicide Squad? Transformations Are Amazing,1,0,0,0,0,8,0,0,0
We Tried Wearing Pretty Lingerie For A Week To See How It Would Make Us Feel,1,0,0,0,0,16,0,0,0
17 Wondrous Things That Will Make Life With Boobs Easier,1,0,0,1,0,10,1,0,1
7 Ridiculously Easy Makeup Tips That Will Simplify Your Life,1,0,0,1,1,10,1,0,0
21 Eye Makeup Tips Beginners Secretly Want To Know,1,0,0,1,0,9,0,0,0
This Swimmer Beat His Hero At The Olympics Eight Years After They First Met,1,0,0,0,0,14,0,1,0
28 Fascinating Facts About The ?Game Of Thrones? Costumes,1,0,0,1,0,9,0,0,0
12 Extremely Satisfying GIFs Of Things Being Cut By Knives,1,0,0,1,0,10,0,0,0
This Instagram Account Is About To Save You A Fortune On Makeup,1,0,0,0,1,12,0,0,0
22 Home Libraries That Will Give You Serious Reading Goals,1,0,0,1,1,10,1,0,0
31 Secrets Competitive Gymnasts Will Never Tell You,1,0,0,1,1,8,0,0,0
A Lot Of People Are Talking About Egypt?s Beach Volleyball Uniforms,1,0,0,0,0,11,1,0,0
17 Stunning Women Who Make ?The Big Chop? Look So Damn Good,1,0,0,1,0,12,0,0,1
This PokÇmon Go Player Just Became The Very First To Catch ?Em All Worldwide,1,0,0,0,0,14,0,1,0
Let?s Take A Moment To Talk About The Men?s Olympic Swimsuits,1,0,0,0,0,11,0,1,0
This 17-Year-Old Girl Gave Her Dad A Makeover And He Looked So Freakin? Fierce,1,0,0,0,0,14,0,0,0
15 Worst Things That Can Happen To Brits On Holiday,1,0,0,1,0,10,0,0,0
17 Snaps Literally Every Brit Takes When On Holiday,1,0,0,1,0,9,0,1,0
21 Secrets MAC Employees Will Never Tell You,1,0,1,1,1,8,0,0,0
17 Reasons Holtzmann From ?Ghostbusters? Is The Hero We All Need,1,0,0,1,0,11,0,0,0
7 Ridiculously Easy Makeup Tips That You?ll Actually Want To Try,1,0,0,1,1,11,0,1,0
7 Ridiculously Easy Tricks That Will Make You So Much More Organized,1,0,0,1,1,12,1,0,0
We Tried Popular Pinterest Fashion Hacks And This Is What Happened,1,0,0,0,0,11,0,1,0
I Tried Out Self-Tanners And Became Orange So That You Don?t Have To,1,0,0,0,1,13,0,0,0
24 Secrets Paramedics Will Never Tell You,1,0,0,1,1,7,0,0,0
Here?s Every Secret We Know About PokÇmon Go Thus Far,1,0,0,0,0,10,0,1,0
A Glorious Hashtag Is Being Used To Celebrate Black Women?s Excellence,1,0,0,0,0,11,0,0,0
10 Facts About Blacking Out That Actually Make So Much Sense,1,0,0,1,0,11,0,1,0
21 Instagram Cleaning Hacks That Are Borderline Genius,1,0,0,1,0,8,1,0,0
42 Brilliant Ideas To Make Your Home Really Freaking Organized,1,0,0,1,1,10,1,1,0
I Went To A Nude Beach And Hated Every Minute Of It,1,0,0,0,0,12,0,1,0
These Female Characters Will Make You Fucking Proud To Be A Woman,1,0,0,0,1,12,1,0,1
People Are Thanking This Tumblr User For Sharing A Brochure From A Pride Parade,1,0,0,0,0,14,1,1,0
17 Products For People Who Are Thirsty AF,1,0,1,1,0,8,0,0,1
Time To Start Freaking Out Because Brie Larson Is Captain Marvel,1,0,0,0,0,11,0,1,0
17 Genius Cooking Tricks That Professional Chefs Want You To Know,1,0,0,1,1,11,0,0,0
The New ?Fantastic Beasts? Trailer Shows Us Lots Of Magical Creatures,1,0,0,0,0,11,0,0,0
The ?Wonder Woman? Trailer Is Here And It?s Wonderfully Epic,1,0,0,0,0,10,0,1,0
21 Awkward Situations That?ll Make Non-Religious People Cringe,1,0,0,1,0,8,0,0,0
28 Secrets Tattoo Artists Will Never Tell You,1,0,0,1,1,8,0,0,0
34 Beautiful Tattoos People Got To Cover Their Self-Harm Scars,1,0,0,1,0,10,0,0,0
21 Secrets Midwives Will Never Ever Tell You,1,0,0,1,1,8,0,0,0
29 DIY Starbucks Recipes That Will Save You Tons Of Cash,1,0,1,1,1,11,1,0,0
14 Perfect Alternatives To Sending A Dick Pic,1,0,0,1,0,8,0,1,1
23 Hacks From Instagram That?ll Make You Say ?That?s Genius?,1,0,0,1,1,10,1,0,0
13 Things Nutritionists Actually Want You To Know,1,0,0,1,1,8,0,1,0
15 Words That Mean Something Totally Different When You Have A Chronic Illness,1,0,0,1,1,13,0,1,0
We All Killed Qandeel: On South Asian Traditions Of Silencing Carefree Women,1,0,0,0,0,12,0,0,0
7 Quick Organizing Tricks You?ll Actually Want To Try,1,0,0,1,1,9,0,1,0
Here?s How To Eat Healthy For A Week With Just $50,1,0,1,0,0,11,0,0,0
17 Genius Websites For When You?ve Got Nothing To Do,1,0,0,1,1,10,0,0,0
Rajdeep Sardesai Asked Sania Mirza About ?Settling Down? And She Responded PERFECTLY,1,0,1,0,0,12,0,1,0
This Mom Was Attacked Online For Sharing A Beautifully Intimate Photo Shoot,1,0,0,0,0,12,0,0,0
22 Helpful PokÇmon Go Tips You Might Not Know Yet,1,0,0,1,1,10,0,0,0
We Need To Talk About Marta Karolyi,1,0,0,0,0,7,1,0,0
I Gained 20 Pounds Of Muscle In 12 Weeks And This Is What Happened,1,0,0,0,0,14,0,0,0
30 Easy Ways To Eat Healthier On A Budget,1,0,0,1,0,9,0,0,0
Playing PokÇmon Go Is Helping People With Mental Health Issues Feel Better,1,0,0,0,0,12,0,0,0
25 Masturbation Techniques You Just Might Want To Steal,1,0,0,1,1,9,0,0,1
13 PokÇmon Go Hacks To Help You Be The Very Best,1,0,0,1,1,11,0,1,0
Just Try To Look At These Nude Photos Of A Couple In Their Seventies Without Getting The Feels,1,0,0,0,0,18,0,0,0
21 Pictures That Will Restore Your Faith In Love,1,0,0,1,1,9,1,1,0
The Two Hermiones Just Met And I?m Crying,1,0,0,0,0,8,0,0,0
"Dudes, You Have GOT To Stop Shaming The Women You Have Casual Sex With",1,0,1,0,1,14,0,0,1
Which Beauty Influencer Are You Most Like?,1,1,0,0,1,7,0,0,0
Teens Got Their Dream Makeovers And Looked Amazing,1,0,0,0,0,8,0,0,0
We Interviewed BTS And Found Out Some Things You Might Not Know,1,0,1,0,1,12,0,0,0
33 Mindblowing Documentaries You Can Watch On Netflix Right Now,1,0,0,1,1,10,1,0,0
The Interesting Details In The ?Game Of Thrones? Finale You May Have Missed,1,0,0,0,1,13,0,0,0
19 Reasons Olenna Tyrell Is Undeniably The Best Part Of ?Game Of Thrones?,1,0,0,1,0,13,0,0,0
Crystal Pepsi Is Coming Back Because The ?90s Are Alive And Well,1,0,0,0,0,12,0,0,0
Here?s How To Know If You Should Use A Condom,1,0,0,0,1,10,0,0,1
27 Times Margaery On ?Game Of Thrones? Was Actually The Best,1,0,0,1,0,11,0,1,0
This Dude Invented A Trippy-Ass Scarf That Makes It Impossible To Take Photos Of Its Wearer,1,0,0,0,0,16,0,0,1
A Woman Re-Created That Creepy Black Bath Bomb IRL,1,0,1,0,0,9,0,0,0
People Are Making Sushi Food Hybrids And It Is Bonkers,1,0,0,0,0,10,1,0,0
We Need To Talk About That Insane ?Game Of Thrones? Twist,1,0,0,0,0,11,1,1,0
?Game Of Thrones? Just Revealed Something Huge And People Aren?t OK,1,0,1,0,0,11,1,1,0
BeyoncÇ And Kendrick Lamar Just Surprised Everyone,1,0,0,0,0,7,0,1,0
A Police Officer Proposed To His Boyfriend At Pride And Melted Everyone?s Hearts,1,0,0,0,0,13,0,1,0
21 Technicolor Treats That Will Make Your Mouth Water,1,0,0,1,1,9,1,0,0
Laverne Cox Reveals Everything You Need To Know About Sophia In Season 4 Of ?Orange Is The New Black?,1,0,0,0,1,19,1,1,0
 21 Awesome Products From Amazon To Put On Your Wish List,1,0,0,0,1,12,0,1,0
Here Are All The Hilarious Things Celebs Looked Like At The 2016 VMAs,1,0,0,0,0,13,0,1,0
BeyoncÇ Straight Up Made The VMA Red Carpet With Black Girl Magic,1,0,1,0,0,12,0,0,0
Can You Get Through This Post Without Spending $50?,1,1,1,0,1,9,1,0,0
24 Times Blake Lively Was Really Fucking Funny On Instagram,1,0,0,1,0,10,0,1,1
19 ?00s Songs You Definitely Forgot About Until This Very Second,1,0,0,1,1,11,0,1,0
23 Beautiful Dresses That Only Look Expensive,1,0,0,1,0,7,0,0,0
16 Reasons Why Plus-Size Women In Sheer Clothing Is Not A Good Look,1,0,0,1,0,13,0,0,0
23 Insanely Pretty Things Everyone Obsessed With School Supplies Needs To Own,1,0,0,1,0,12,0,1,0
16 Pieces Of Harley Quinn Swag You?d Be Crazy Not To Buy,1,0,0,1,1,12,0,1,0
27 Times Chrissy Teigen?s Instagram Was Actually Better Than Her Twitter,1,0,0,1,0,11,0,1,0
Some Teens Pretended To Be Pregnant Using A Watermelon So They Could Sneak Snacks Into A Theater,1,0,0,0,0,17,0,1,0
"A Hostile Cat Attacked Seven Pit Bulls, Leaving One Scratched And Bloody",1,0,0,0,0,12,0,0,0
Grey OmbrÇ Hair Is The Newest Color Trend And It?s Freaking Beautiful,1,0,0,0,0,12,0,1,0
People Were Not Happy With Ellen After She Posted A Usain Bolt Meme,1,0,0,0,0,13,0,1,0
Dancing Horses At The Olympics Should Get Their Own Fucking Medals,1,0,0,0,0,11,0,1,1
We Tried Kylie Jenner?s Ramen Recipe And It Was Good As Hell,1,0,0,0,0,12,0,1,1
This Video Shows Exactly Just How Much Work Goes Into Being A Beauty Addict,1,0,0,0,0,14,0,0,0
26 Food Hacks That Will Make You Laugh But Also Cry,1,0,0,1,1,11,1,1,0
31 Beautiful Products You Won?t Believe You Can Get On Amazon,1,0,0,1,1,11,1,0,0
24 Hairstyles You?ll Actually Want To Wear To Your School Formal,1,0,0,1,1,11,0,1,0
"?What The Hell Is A Panju?? And Other Questions I, A Brown Potterhead, Have For J.K. Rowling",1,1,0,0,0,19,0,0,1
7 Ridiculously Easy Makeup Tips That You?ll Actually Want To Try,1,0,0,1,1,11,0,1,0
16 Photos Showing The Difference Between ?00s Formals And Now,1,0,0,1,0,10,0,0,0
This Guy Took Pics Of Statues Before And After Telling Them He Thought They?d Be Bigger In Person,1,0,0,0,0,18,0,1,0
Mermaid Crowns Are The New Flower Crowns And I?m Not Mad At It,1,0,0,0,0,13,0,0,0
23 DIY Ways To Make Your Home Even Cuter,1,0,1,1,1,9,1,0,0
Lance Bass Is Proof There?s Hope For All Of Us,1,0,0,0,0,10,0,0,1
Taylor Swift Just Called Out Kanye West On Instagram,1,0,0,0,0,9,0,0,0
We Tried Wearing Drug Store Makeup For A Week And There Were Some Hits And Misses,1,0,0,0,0,16,0,0,0
7 Easy Ways To Eat Fewer Carbs This Week,1,0,0,1,0,9,0,0,0
Kim Kardashian Is Damn Good At Cooking Soul Food And You Better Not Forget It,1,0,0,0,1,15,0,0,1
This Fitness And Beauty Vlogger Looks Exactly Like Priyanka Chopra,1,0,0,0,0,10,0,0,0
Here?s The Most Popular Ice Cream Shop In Every State,1,0,0,0,0,10,0,1,0
Taylor Swift And Her Friends Finally Shared All The Pics From July 4th That We?ve Been Waiting To See,1,0,0,0,0,19,0,1,0
Which Beauty Influencer Are You Most Like?,1,1,0,0,1,7,0,0,0
To Every White Person Who Thinks They Know My Cultures Better Than I Do,1,0,0,0,0,14,0,1,0
Fifth Harmony Sang A Bunch Of Destiny?s Child Hits And It?s Everything,1,0,0,0,0,12,0,1,0
9 Insanely Easy Ways To Fix Your iPhone,1,0,0,1,1,8,0,1,0
Can You Get 9/9 On This 1960s Louisiana Literacy Test?,1,1,0,0,1,10,1,0,0
People Are Making Sushi Food Hybrids And It Is Bonkers,1,0,0,0,0,10,1,0,0
Justin Timberlake Gave His Thoughts On Jesse Williams? Speech About Race And Black People Went In,1,0,0,0,0,16,0,0,0
18 Reasons Scotland And London Should Tell The Rest Of The UK To Fuck Off And Just Go It Alone,1,0,1,1,0,20,0,0,1
"Answer These Questions About The Slang You Use, And We?ll Guess Which Indian City You?re From",1,0,0,0,1,16,0,0,0
A Teenager Dressed Me For A Week And It Actually Was Awesome,1,0,0,0,0,12,0,1,0
Fans Have Uncovered An ?Incredibles? Theory That Is Pretty Damn Incredible,1,0,0,0,0,11,0,0,1
We Need To Talk About Selena Gomez?s Strong AF Instagram Game,1,0,1,0,0,11,1,0,1
Here?s Exactly What To Make For Dinner This Week,1,0,0,0,0,9,0,0,0
18 Stunning Photos Of America Like You?ve Never Seen It Before,1,0,0,1,1,11,0,0,0
27 Problems Only Aussie Kardashian Fans Face,1,0,0,1,0,7,0,0,0
15 Totally Underrated Wines Under $15,1,0,1,1,0,6,0,1,0
This 6-Year-Old Girl Can Do Her Makeup Better Than Most Of Us Could Ever Dream Of,1,0,0,0,0,16,0,0,0
People Can?t Stop Talking About How This Girl Defended Her Girlfriend On Twitter,1,0,0,0,0,13,0,0,0
19 Times Gringos Got Colombia Wrong,1,0,0,1,0,6,0,0,0
This Couple Had An Insanely Unique Baby Gender Reveal,1,0,0,0,0,9,0,1,0
We Can Tell Where You Last Had Sex In Just Five Questions,1,0,0,0,1,12,0,0,1
This Woman Photoshops Indian Outfits On American Stars To Fight Fashion-Based Racism,1,0,0,0,0,12,0,0,0
"Here?s A Close Look At Gigi Hadid?s $2,000 Met Gala Manicure",1,0,1,0,0,12,0,0,0
Which Tasty Recipe Should You Make For Dinner Tonight?,1,1,0,0,1,9,1,0,0
People On Twitter Are Asking Disney To Give Elsa A Girlfriend In ?Frozen 2?,1,0,0,0,0,14,0,0,0
13 Killer Makeup Looks Inspired By BeyoncÇ?s ?Lemonade?,1,0,0,1,0,8,0,0,0
7 Easy Ways To Actually Be a Clean Person,1,0,0,1,0,9,0,1,0
People Are Dropping Random Objects In The Bath For This Ridiculous New Meme,1,0,0,0,0,13,1,1,0
"22 Photos That Prove Men Should Never, Ever Wear Kilts",1,0,0,1,0,10,0,0,0
L.A.?s Hottest New ?Work Out? Is Basically Dandiya,1,0,0,0,0,10,0,1,0
Here Are The Best And Worst Foods We Ate At Coachella,1,0,0,0,0,11,0,0,1
We Made BeyoncÇ?s Lemonade And It Was Interesting,1,0,0,0,0,8,0,1,0
Here?s The Sexist Detail In Movie Posters You Probably Never Noticed,1,0,0,0,1,11,0,0,1
16 Mom Trends That Are Blowing Up Pinterest,1,0,0,1,0,8,1,1,0
PSA: Australians Are Drinking Milo Totally Wrong,1,0,1,0,0,7,0,1,0
24 Little Reasons Brunette Girls Shouldn?t Dye Their Hair,1,0,0,1,0,9,0,0,0
21 Products You?ll Want If You Love Being Fancy,1,0,0,1,1,9,0,1,0
24 Awesome Regional Snacks That Everybody Should Try Once,1,0,0,1,0,9,0,1,0
How Well Do You Know Panic! At The Disco Lyrics?,1,1,0,0,1,10,0,0,0
46 Surprising BeyoncÇ Facts That Will Make You Admire Her Even More,1,0,0,1,1,12,1,0,0
Just A Reminder That Kareena Kapoor Used To Dress Like This,1,0,0,0,0,11,0,1,0
17 Bikinis That Prove Every Body Is A Beach Body,1,0,0,1,0,10,0,1,0
This Rainbow Highlighter Will Transform Us Mere Humans Into Unicorns,1,0,0,0,0,10,0,1,0
The 100 Sexiest Male Names Ranked By Sexiness,1,0,0,0,0,8,0,0,1
Here?s What All The Celebrities Wore To Coachella This Year,1,0,0,0,0,10,0,0,1
Let?s Stop Pretending Almonds Are Good,1,0,0,0,0,6,0,0,0
27 Bralettes For Small Boobs That?ll Make Your Big-Boobed Friends Jealous,1,0,0,1,1,11,1,0,1
Food In Britain Vs. Food In America,1,0,0,0,0,7,0,0,0
22 Pictures Of Food Packaging That Will Fuck You Off So Much,1,0,0,1,1,12,1,1,1
"We Checked, And The Unrecognisable Woman In This Photoshoot Is Priyanka Chopra",1,0,0,0,0,12,0,0,0
26 Things Trump Supporters Badly Want To Ask Bernie Sanders Supporters,1,0,0,1,0,11,0,0,0
"18 Romantiker, die am Maibaum gescheitert sind",1,0,0,1,0,7,0,0,0
All The Looks From The 2016 MTV Movie Awards,1,0,1,0,0,9,0,0,0
35 Things Australians Are Doing Completely And Utterly Wrong,1,0,0,1,0,9,0,0,0
Here?s What The Kids From ?The Powerpuff Girls? Look Like Today,1,0,0,0,0,11,0,0,0
Famous Cartoons Reimagined As Hipsters,1,0,0,0,0,5,0,0,0
Can You Make It To The End Of This ?Friends? Trivia Quiz?,1,1,0,0,1,12,1,0,0
Only Serious Harry Potter Fans Will Be Able To Finish This Quiz,1,0,0,0,0,12,0,0,0
8 Fast Food Brands If They Were Pronounced In Spanish,1,0,0,1,0,10,0,0,0
Can You Pass This Canadian Spelling Test?,1,1,0,0,1,7,1,0,1
We Tried Natural Makeup Looks To Show Men What ?No Makeup? Looks Like,1,0,0,0,0,13,0,0,0
42 Insanely Awesome And Inexpensive Things You Can Get At ASOS,1,0,1,1,1,11,1,1,0
Here Is How To Solve A Very Important Peanut Problem,1,0,0,0,0,10,0,1,0
Can You Pass This Really Difficult Baking Test?,1,1,0,0,1,8,1,1,1
17 Pictures That Prove Black Lipstick Should Be Stopped,1,0,0,1,0,8,0,1,0
